"EHR_ID","PATIENT_ID","DISEASE"
"EHR10119","P1050","gout"
"EHR10283","P1007","meningitis"
"EHR10229","P1030","major depression"
"EHR10239","P1051","major depression"
"EHR10388","P1010","pneumonia"
"EHR10518","P1020","urinary tract infection"
"EHR10395","P1061","pneumonia"
"EHR10073","P1007","appendicitis"
"EHR10094","P1027","appendicitis"
"EHR10516","P1052","urinary tract infection"
"EHR10006","P1016","anaphylaxis"
"EHR10212","P1058","heart attack"
"EHR10004","P1012","anaphylaxis"
"EHR10132","P1003","gout"
"EHR10242","P1019","major depression"
"EHR10153","P1035","gout"
"EHR10279","P1074","meningitis"
"EHR10344","P1053","migraine"
"EHR10489","P1018","urinary tract infection"
"EHR10483","P1042","urinary tract infection"
"EHR10183","P1008","heart attack"
"EHR10192","P1027","heart attack"
"EHR10293","P1005","meningitis"
"EHR10035","P1066","anaphylaxis"
"EHR10210","P1067","heart attack"
"EHR10312","P1035","meningitis"
"EHR10047","P1031","anaphylaxis"
"EHR10250","P1037","major depression"
"EHR10326","P1028","meningitis"
"EHR10348","P1014","migraine"
"EHR10494","P1078","urinary tract infection"
"EHR10498","P1026","urinary tract infection"
"EHR10381","P1009","migraine"
"EHR10506","P1021","urinary tract infection"
"EHR10300","P1059","meningitis"
"EHR10216","P1008","heart attack"
"EHR10156","P1007","gout"
"EHR10021","P1062","anaphylaxis"
"EHR10328","P1009","meningitis"
"EHR10189","P1061","heart attack"
"EHR10276","P1070","meningitis"
"EHR10358","P1012","migraine"
"EHR10364","P1073","migraine"
"EHR10346","P1023","migraine"
"EHR10069","P1064","appendicitis"
"EHR10471","P1046","stroke"
"EHR10389","P1015","pneumonia"
"EHR10249","P1051","major depression"
"EHR10503","P1040","urinary tract infection"
"EHR10514","P1063","urinary tract infection"
"EHR10525","P1074","urinary tract infection"
"EHR10036","P1034","anaphylaxis"
"EHR10031","P1072","anaphylaxis"
"EHR10037","P1012","anaphylaxis"
"EHR10056","P1052","anaphylaxis"
"EHR10038","P1002","anaphylaxis"
"EHR10141","P1001","gout"
"EHR10168","P1030","heart attack"
"EHR10112","P1046","appendicitis"
"EHR10151","P1022","gout"
"EHR10379","P1069","migraine"
"EHR10482","P1055","urinary tract infection"
"EHR10130","P1002","gout"
"EHR10387","P1050","migraine"
"EHR10068","P1051","appendicitis"
"EHR10430","P1009","stroke"
"EHR10499","P1006","urinary tract infection"
"EHR10493","P1042","urinary tract infection"
"EHR10262","P1028","major depression"
"EHR10237","P1063","major depression"
"EHR10322","P1010","meningitis"
"EHR10026","P1038","anaphylaxis"
"EHR10144","P1008","gout"
"EHR10301","P1039","meningitis"
"EHR10438","P1065","stroke"
"EHR10342","P1077","migraine"
"EHR10178","P1040","heart attack"
"EHR10486","P1016","urinary tract infection"
"EHR10461","P1015","stroke"
"EHR10247","P1073","major depression"
"EHR10259","P1074","major depression"
"EHR10092","P1028","appendicitis"
"EHR10406","P1079","pneumonia"
"EHR10314","P1019","meningitis"
"EHR10320","P1068","meningitis"
"EHR10428","P1045","stroke"
"EHR10045","P1043","anaphylaxis"
"EHR10140","P1013","gout"
"EHR10409","P1037","pneumonia"
"EHR10334","P1037","migraine"
"EHR10378","P1045","migraine"
"EHR10355","P1021","migraine"
"EHR10362","P1072","migraine"
"EHR10118","P1066","gout"
"EHR10440","P1008","stroke"
"EHR10470","P1047","stroke"
"EHR10460","P1002","stroke"
"EHR10418","P1056","pneumonia"
"EHR10080","P1028","appendicitis"
"EHR10439","P1069","stroke"
"EHR10024","P1024","anaphylaxis"
"EHR10046","P1010","anaphylaxis"
"EHR10111","P1059","appendicitis"
"EHR10497","P1017","urinary tract infection"
"EHR10472","P1016","stroke"
"EHR10505","P1036","urinary tract infection"
"EHR10233","P1070","major depression"
"EHR10397","P1012","pneumonia"
"EHR10023","P1047","anaphylaxis"
"EHR10012","P1024","anaphylaxis"
"EHR10200","P1004","heart attack"
"EHR10048","P1003","anaphylaxis"
"EHR10052","P1072","anaphylaxis"
"EHR10169","P1036","heart attack"
"EHR10100","P1049","appendicitis"
"EHR10341","P1066","migraine"
"EHR10332","P1023","migraine"
"EHR10040","P1071","anaphylaxis"
"EHR10377","P1033","migraine"
"EHR10345","P1014","migraine"
"EHR10126","P1073","gout"
"EHR10190","P1018","heart attack"
"EHR10238","P1033","major depression"
"EHR10248","P1066","major depression"
"EHR10001","P1038","anaphylaxis"
"EHR10025","P1016","anaphylaxis"
"EHR10034","P1035","anaphylaxis"
"EHR10010","P1021","anaphylaxis"
"EHR10053","P1075","anaphylaxis"
"EHR10057","P1011","anaphylaxis"
"EHR10321","P1025","meningitis"
"EHR10269","P1049","meningitis"
"EHR10160","P1058","gout"
"EHR10356","P1014","migraine"
"EHR10354","P1022","migraine"
"EHR10374","P1040","migraine"
"EHR10427","P1030","pneumonia"
"EHR10343","P1059","migraine"
"EHR10507","P1006","urinary tract infection"
"EHR10236","P1042","major depression"
"EHR10519","P1007","urinary tract infection"
"EHR10408","P1027","pneumonia"
"EHR10449","P1057","stroke"
"EHR10423","P1071","pneumonia"
"EHR10150","P1002","gout"
"EHR10051","P1060","anaphylaxis"
"EHR10357","P1029","migraine"
"EHR10101","P1017","appendicitis"
"EHR10175","P1051","heart attack"
"EHR10333","P1003","migraine"
"EHR10366","P1036","migraine"
"EHR10066","P1041","appendicitis"
"EHR10393","P1067","pneumonia"
"EHR10511","P1076","urinary tract infection"
"EHR10403","P1078","pneumonia"
"EHR10414","P1041","pneumonia"
"EHR10405","P1010","pneumonia"
"EHR10176","P1054","heart attack"
"EHR10167","P1011","heart attack"
"EHR10368","P1017","migraine"
"EHR10110","P1025","appendicitis"
"EHR10330","P1010","migraine"
"EHR10076","P1075","appendicitis"
"EHR10116","P1079","gout"
"EHR10063","P1060","appendicitis"
"EHR10009","P1072","anaphylaxis"
"EHR10225","P1069","major depression"
"EHR10219","P1074","heart attack"
"EHR10128","P1044","gout"
"EHR10396","P1026","pneumonia"
"EHR10399","P1008","pneumonia"
"EHR10058","P1028","anaphylaxis"
"EHR10161","P1015","gout"
"EHR10277","P1069","meningitis"
"EHR10188","P1068","heart attack"
"EHR10177","P1033","heart attack"
"EHR10275","P1053","meningitis"
"EHR10297","P1051","meningitis"
"EHR10361","P1076","migraine"
"EHR10296","P1073","meningitis"
"EHR10067","P1045","appendicitis"
"EHR10065","P1065","appendicitis"
"EHR10350","P1053","migraine"
"EHR10437","P1022","stroke"
"EHR10309","P1030","meningitis"
"EHR10224","P1044","major depression"
"EHR10226","P1024","major depression"
"EHR10500","P1043","urinary tract infection"
"EHR10502","P1047","urinary tract infection"
"EHR10501","P1045","urinary tract infection"
"EHR10512","P1032","urinary tract infection"
"EHR10033","P1049","anaphylaxis"
"EHR10022","P1026","anaphylaxis"
"EHR10446","P1078","stroke"
"EHR10447","P1068","stroke"
"EHR10162","P1006","gout"
"EHR10042","P1032","anaphylaxis"
"EHR10432","P1061","stroke"
"EHR10448","P1034","stroke"
"EHR10187","P1043","heart attack"
"EHR10426","P1044","pneumonia"
"EHR10495","P1019","urinary tract infection"
"EHR10371","P1050","migraine"
"EHR10079","P1011","appendicitis"
"EHR10459","P1057","stroke"
"EHR10115","P1031","gout"
"EHR10208","P1041","heart attack"
"EHR10147","P1050","gout"
"EHR10234","P1054","major depression"
"EHR10235","P1032","major depression"
"EHR10319","P1040","meningitis"
"EHR10513","P1059","urinary tract infection"
"EHR10407","P1029","pneumonia"
"EHR10032","P1048","anaphylaxis"
"EHR10416","P1000","pneumonia"
"EHR10458","P1044","stroke"
"EHR10386","P1046","migraine"
"EHR10383","P1064","migraine"
"EHR10375","P1011","migraine"
"EHR10064","P1065","appendicitis"
"EHR10117","P1048","gout"
"EHR10077","P1020","appendicitis"
"EHR10078","P1010","appendicitis"
"EHR10137","P1066","gout"
"EHR10084","P1071","appendicitis"
"EHR10305","P1060","meningitis"
"EHR10480","P1004","stroke"
"EHR10136","P1052","gout"
"EHR10523","P1033","urinary tract infection"
"EHR10158","P1074","gout"
"EHR10228","P1018","major depression"
"EHR10000","P1018","anaphylaxis"
"EHR10436","P1059","stroke"
"EHR10517","P1019","urinary tract infection"
"EHR10198","P1056","heart attack"
"EHR10299","P1046","meningitis"
"EHR10351","P1058","migraine"
"EHR10376","P1026","migraine"
"EHR10289","P1001","meningitis"
"EHR10087","P1042","appendicitis"
"EHR10129","P1038","gout"
"EHR10149","P1068","gout"
"EHR10134","P1061","gout"
"EHR10307","P1041","meningitis"
"EHR10221","P1041","major depression"
"EHR10245","P1031","major depression"
"EHR10255","P1040","major depression"
"EHR10417","P1016","pneumonia"
"EHR10055","P1002","anaphylaxis"
"EHR10466","P1075","stroke"
"EHR10476","P1060","stroke"
"EHR10373","P1057","migraine"
"EHR10353","P1003","migraine"
"EHR10380","P1072","migraine"
"EHR10061","P1073","appendicitis"
"EHR10099","P1056","appendicitis"
"EHR10209","P1058","heart attack"
"EHR10139","P1000","gout"
"EHR10256","P1055","major depression"
"EHR10526","P1005","urinary tract infection"
"EHR10265","P1050","major depression"
"EHR10107","P1051","appendicitis"
"EHR10041","P1058","anaphylaxis"
"EHR10402","P1046","pneumonia"
"EHR10030","P1011","anaphylaxis"
"EHR10054","P1001","anaphylaxis"
"EHR10288","P1049","meningitis"
"EHR10186","P1045","heart attack"
"EHR10331","P1018","migraine"
"EHR10363","P1013","migraine"
"EHR10433","P1079","stroke"
"EHR10227","P1007","major depression"
"EHR10020","P1039","anaphylaxis"
"EHR10400","P1055","pneumonia"
"EHR10410","P1064","pneumonia"
"EHR10278","P1029","meningitis"
"EHR10469","P1035","stroke"
"EHR10287","P1036","meningitis"
"EHR10295","P1077","meningitis"
"EHR10457","P1010","stroke"
"EHR10365","P1006","migraine"
"EHR10372","P1033","migraine"
"EHR10360","P1020","migraine"
"EHR10491","P1004","urinary tract infection"
"EHR10123","P1053","gout"
"EHR10016","P1070","anaphylaxis"
"EHR10135","P1042","gout"
"EHR10127","P1013","gout"
"EHR10515","P1008","urinary tract infection"
"EHR10202","P1070","heart attack"
"EHR10392","P1013","pneumonia"
"EHR10524","P1027","urinary tract infection"
"EHR10011","P1009","anaphylaxis"
"EHR10411","P1067","pneumonia"
"EHR10044","P1006","anaphylaxis"
"EHR10043","P1004","anaphylaxis"
"EHR10413","P1023","pneumonia"
"EHR10179","P1008","heart attack"
"EHR10199","P1038","heart attack"
"EHR10174","P1034","heart attack"
"EHR10274","P1034","meningitis"
"EHR10285","P1021","meningitis"
"EHR10475","P1061","stroke"
"EHR10294","P1064","meningitis"
"EHR10088","P1048","appendicitis"
"EHR10086","P1056","appendicitis"
"EHR10060","P1062","appendicitis"
"EHR10062","P1042","appendicitis"
"EHR10308","P1059","meningitis"
"EHR10072","P1063","appendicitis"
"EHR10005","P1060","anaphylaxis"
"EHR10138","P1001","gout"
"EHR10244","P1069","major depression"
"EHR10246","P1013","major depression"
"EHR10465","P1064","stroke"
"EHR10106","P1040","appendicitis"
"EHR10435","P1038","stroke"
"EHR10422","P1055","pneumonia"
"EHR10340","P1028","migraine"
"EHR10272","P1031","meningitis"
"EHR10352","P1029","migraine"
"EHR10382","P1044","migraine"
"EHR10124","P1045","gout"
"EHR10121","P1063","gout"
"EHR10222","P1048","major depression"
"EHR10394","P1007","pneumonia"
"EHR10390","P1035","pneumonia"
"EHR10264","P1052","major depression"
"EHR10359","P1071","migraine"
"EHR10415","P1017","pneumonia"
"EHR10412","P1035","pneumonia"
"EHR10441","P1064","stroke"
"EHR10443","P1032","stroke"
"EHR10184","P1057","heart attack"
"EHR10456","P1011","stroke"
"EHR10468","P1000","stroke"
"EHR10492","P1009","urinary tract infection"
"EHR10434","P1049","stroke"
"EHR10490","P1005","urinary tract infection"
"EHR10370","P1020","migraine"
"EHR10097","P1021","appendicitis"
"EHR10207","P1047","heart attack"
"EHR10114","P1001","gout"
"EHR10223","P1039","major depression"
"EHR10306","P1045","meningitis"
"EHR10316","P1066","meningitis"
"EHR10510","P1013","urinary tract infection"
"EHR10109","P1024","appendicitis"
"EHR10050","P1022","anaphylaxis"
"EHR10298","P1039","meningitis"
"EHR10478","P1034","stroke"
"EHR10194","P1031","heart attack"
"EHR10075","P1036","appendicitis"
"EHR10017","P1052","anaphylaxis"
"EHR10220","P1058","major depression"
"EHR10258","P1029","major depression"
"EHR10164","P1071","gout"
"EHR10263","P1076","major depression"
"EHR10325","P1050","meningitis"
"EHR10488","P1077","urinary tract infection"
"EHR10205","P1044","heart attack"
"EHR10420","P1078","pneumonia"
"EHR10170","P1078","heart attack"
"EHR10455","P1023","stroke"
"EHR10477","P1021","stroke"
"EHR10474","P1075","stroke"
"EHR10290","P1072","meningitis"
"EHR10291","P1062","meningitis"
"EHR10384","P1015","migraine"
"EHR10479","P1013","stroke"
"EHR10095","P1067","appendicitis"
"EHR10508","P1061","urinary tract infection"
"EHR10008","P1046","anaphylaxis"
"EHR10315","P1054","meningitis"
"EHR10154","P1063","gout"
"EHR10232","P1024","major depression"
"EHR10257","P1004","major depression"
"EHR10252","P1030","major depression"
"EHR10520","P1012","urinary tract infection"
"EHR10108","P1012","appendicitis"
"EHR10267","P1037","major depression"
"EHR10401","P1039","pneumonia"
"EHR10404","P1009","pneumonia"
"EHR10425","P1017","pneumonia"
"EHR10451","P1076","stroke"
"EHR10521","P1002","urinary tract infection"
"EHR10182","P1020","heart attack"
"EHR10284","P1000","meningitis"
"EHR10089","P1019","appendicitis"
"EHR10385","P1018","migraine"
"EHR10090","P1070","appendicitis"
"EHR10148","P1003","gout"
"EHR10146","P1023","gout"
"EHR10241","P1068","major depression"
"EHR10304","P1032","meningitis"
"EHR10522","P1005","urinary tract infection"
"EHR10347","P1062","migraine"
"EHR10445","P1004","stroke"
"EHR10286","P1029","meningitis"
"EHR10181","P1067","heart attack"
"EHR10173","P1014","heart attack"
"EHR10191","P1076","heart attack"
"EHR10196","P1038","heart attack"
"EHR10098","P1027","appendicitis"
"EHR10015","P1063","anaphylaxis"
"EHR10218","P1014","heart attack"
"EHR10143","P1042","gout"
"EHR10206","P1001","heart attack"
"EHR10268","P1017","major depression"
"EHR10230","P1022","major depression"
"EHR10329","P1049","migraine"
"EHR10496","P1073","urinary tract infection"
"EHR10172","P1037","heart attack"
"EHR10195","P1037","heart attack"
"EHR10280","P1054","meningitis"
"EHR10271","P1047","meningitis"
"EHR10281","P1020","meningitis"
"EHR10273","P1027","meningitis"
"EHR10085","P1025","appendicitis"
"EHR10431","P1000","stroke"
"EHR10014","P1062","anaphylaxis"
"EHR10213","P1065","heart attack"
"EHR10318","P1003","meningitis"
"EHR10059","P1060","anaphylaxis"
"EHR10231","P1025","major depression"
"EHR10254","P1025","major depression"
"EHR10251","P1031","major depression"
"EHR10337","P1079","migraine"
"EHR10317","P1025","meningitis"
"EHR10487","P1043","urinary tract infection"
"EHR10421","P1048","pneumonia"
"EHR10424","P1006","pneumonia"
"EHR10452","P1057","stroke"
"EHR10450","P1053","stroke"
"EHR10180","P1067","heart attack"
"EHR10185","P1005","heart attack"
"EHR10462","P1054","stroke"
"EHR10197","P1018","heart attack"
"EHR10509","P1055","urinary tract infection"
"EHR10481","P1070","stroke"
"EHR10338","P1069","migraine"
"EHR10083","P1034","appendicitis"
"EHR10070","P1031","appendicitis"
"EHR10131","P1079","gout"
"EHR10028","P1044","anaphylaxis"
"EHR10166","P1068","gout"
"EHR10215","P1022","heart attack"
"EHR10324","P1077","meningitis"
"EHR10145","P1024","gout"
"EHR10125","P1006","gout"
"EHR10240","P1021","major depression"
"EHR10253","P1000","major depression"
"EHR10339","P1024","migraine"
"EHR10313","P1078","meningitis"
"EHR10266","P1027","major depression"
"EHR10311","P1062","meningitis"
"EHR10444","P1005","stroke"
"EHR10454","P1014","stroke"
"EHR10467","P1017","stroke"
"EHR10398","P1074","pneumonia"
"EHR10074","P1016","appendicitis"
"EHR10018","P1036","anaphylaxis"
"EHR10204","P1048","heart attack"
"EHR10211","P1075","heart attack"
"EHR10049","P1065","anaphylaxis"
"EHR10214","P1033","heart attack"
"EHR10027","P1043","anaphylaxis"
"EHR10302","P1020","meningitis"
"EHR10157","P1026","gout"
"EHR10391","P1009","pneumonia"
"EHR10102","P1041","appendicitis"
"EHR10217","P1015","heart attack"
"EHR10203","P1034","heart attack"
"EHR10442","P1014","stroke"
"EHR10504","P1071","urinary tract infection"
"EHR10071","P1023","appendicitis"
"EHR10081","P1032","appendicitis"
"EHR10113","P1007","gout"
"EHR10142","P1056","gout"
"EHR10152","P1077","gout"
"EHR10159","P1019","gout"
"EHR10260","P1077","major depression"
"EHR10261","P1043","major depression"
"EHR10369","P1041","migraine"
"EHR10464","P1037","stroke"
"EHR10171","P1039","heart attack"
"EHR10473","P1056","stroke"
"EHR10282","P1026","meningitis"
"EHR10292","P1023","meningitis"
"EHR10093","P1046","appendicitis"
"EHR10091","P1030","appendicitis"
"EHR10429","P1075","stroke"
"EHR10155","P1036","gout"
"EHR10201","P1032","heart attack"
"EHR10163","P1053","gout"
"EHR10327","P1002","meningitis"
"EHR10103","P1057","appendicitis"
"EHR10335","P1055","migraine"
"EHR10104","P1011","appendicitis"
"EHR10485","P1043","urinary tract infection"
"EHR10453","P1039","stroke"
"EHR10193","P1038","heart attack"
"EHR10463","P1000","stroke"
"EHR10096","P1029","appendicitis"
"EHR10122","P1016","gout"
"EHR10019","P1005","anaphylaxis"
"EHR10039","P1035","anaphylaxis"
"EHR10120","P1012","gout"
"EHR10165","P1022","gout"
"EHR10013","P1065","anaphylaxis"
"EHR10243","P1019","major depression"
"EHR10002","P1054","anaphylaxis"
"EHR10303","P1001","meningitis"
"EHR10484","P1030","urinary tract infection"
"EHR10007","P1004","anaphylaxis"
"EHR10310","P1052","meningitis"
"EHR10270","P1015","meningitis"
"EHR10323","P1079","meningitis"
"EHR10082","P1025","appendicitis"
"EHR10133","P1028","gout"
"EHR10003","P1033","anaphylaxis"
"EHR10029","P1003","anaphylaxis"
"EHR10419","P1040","pneumonia"
"EHR10336","P1047","migraine"
"EHR10349","P1026","migraine"
"EHR10367","P1076","migraine"
"EHR10105","P1015","appendicitis"
